﻿<parameters>
  <parameter name="IIS Web Application Name" defaultValue="Default Web Site/RecruitingPortal_deploy" tags="IisApp">
    <parameterEntry kind="ProviderPath" scope="IisApp" match="^G:\\Jini\\svn\\RecruitingPortal\\trunk\\RecruitingPortal\\obj\\Release\\Package\\PackageTmp$" />
    <parameterEntry kind="ProviderPath" scope="setAcl" match="^G:\\Jini\\svn\\RecruitingPortal\\trunk\\RecruitingPortal\\obj\\Release\\Package\\PackageTmp$" />
  </parameter>
  <parameter name="RecruitingPortalEntities-Web.config Connection String" defaultValue="metadata=res://*/Model.RecruitingPortalContext.csdl|res://*/Model.RecruitingPortalContext.ssdl|res://*/Model.RecruitingPortalContext.msl;provider=System.Data.SqlClient;provider connection string=&quot;data source=107.172.168.120\SQLEXPRESSDEV;initial catalog=RecruitingPortal;persist security info=True;user id=RecruitingPortalUser;password=1234567890!;MultipleActiveResultSets=True;App=EntityFramework&quot;">
    <parameterEntry kind="XmlFile" scope="G:\\Jini\\svn\\RecruitingPortal\\trunk\\RecruitingPortal\\obj\\Release\\Package\\PackageTmp\\Web\.config$" match="/configuration/connectionStrings/add[@name='RecruitingPortalEntities']/@connectionString" />
  </parameter>
  <parameter name="IdentityDbContext-Web.config Connection String" defaultValue="Data Source=107.172.168.120\SQLEXPRESSDEV;Initial Catalog=RecruitingPortal;Persist Security Info=True;User ID=RecruitingPortalUser;Password=1234567890!">
    <parameterEntry kind="XmlFile" scope="G:\\Jini\\svn\\RecruitingPortal\\trunk\\RecruitingPortal\\obj\\Release\\Package\\PackageTmp\\Web\.config$" match="/configuration/connectionStrings/add[@name='IdentityDbContext']/@connectionString" />
  </parameter>
</parameters>